path	source_status	source_mode	source_blob	final_mode	final_blob	comparison
engineering/design/material-specimen-2026-09-10/README.md	A	100644	020e0b08eb4306a101a06cdae569ee93cbdc2e90	100644	020e0b08eb4306a101a06cdae569ee93cbdc2e90	retained_exact
engineering/design/material-specimen-2026-09-10/captures/board-a-main__1440-dark-reduce-transparency.png	A	100644	d113fa5e40e8109250a2355d23734900c8ea6b70	100644	d113fa5e40e8109250a2355d23734900c8ea6b70	retained_exact
engineering/design/material-specimen-2026-09-10/captures/board-a-main__1440-dark.png	A	100644	c115963d12baf4d4f07f29cdbcde18225def44da	100644	c115963d12baf4d4f07f29cdbcde18225def44da	retained_exact
engineering/design/material-specimen-2026-09-10/captures/board-a-main__1440-light-forced-colors-sim.png	A	100644	668bb2475664060d12b1829aa32fbb2fbeab7238	100644	668bb2475664060d12b1829aa32fbb2fbeab7238	retained_exact
engineering/design/material-specimen-2026-09-10/captures/board-a-main__1440-light-nosupport.png	A	100644	0b604a3b1ba39dd29aa86627e720485e24f72ca8	100644	0b604a3b1ba39dd29aa86627e720485e24f72ca8	retained_exact
engineering/design/material-specimen-2026-09-10/captures/board-a-main__1440-light-reduce-transparency.png	A	100644	0b604a3b1ba39dd29aa86627e720485e24f72ca8	100644	0b604a3b1ba39dd29aa86627e720485e24f72ca8	retained_exact
engineering/design/material-specimen-2026-09-10/captures/board-a-main__1440-light.png	A	100644	697cd3eaf9a183c594d3dfb7658fb2093611334c	100644	697cd3eaf9a183c594d3dfb7658fb2093611334c	retained_exact
engineering/design/material-specimen-2026-09-10/captures/board-a-main__390-dark.png	A	100644	7fcb16a58320fd8bd091423222c9183fdcbab5bd	100644	7fcb16a58320fd8bd091423222c9183fdcbab5bd	retained_exact
engineering/design/material-specimen-2026-09-10/captures/board-a-main__390-light.png	A	100644	74f3501cbf05e57f373eb371aa3fb73f57785a7b	100644	74f3501cbf05e57f373eb371aa3fb73f57785a7b	retained_exact
engineering/design/material-specimen-2026-09-10/captures/board-b-header-mechanics__1440-light-zoom200.png	A	100644	78ef9298bfa71f6266694f02aada6d387a3bae2a	100644	78ef9298bfa71f6266694f02aada6d387a3bae2a	retained_exact
engineering/design/material-specimen-2026-09-10/captures/board-b-header__1440-dark-reduce-transparency.png	A	100644	d3b69df11ceb09b694564fe7340571b0fee36bde	100644	d3b69df11ceb09b694564fe7340571b0fee36bde	retained_exact
engineering/design/material-specimen-2026-09-10/captures/board-b-header__1440-dark.png	A	100644	48d96411464f3af9f2796548e4970d1173e160da	100644	48d96411464f3af9f2796548e4970d1173e160da	retained_exact
engineering/design/material-specimen-2026-09-10/captures/board-b-header__1440-light-b0-quiet.png	A	100644	556e4906a63f881771b72d9f1428d689bcc9c5b6	100644	556e4906a63f881771b72d9f1428d689bcc9c5b6	retained_exact
engineering/design/material-specimen-2026-09-10/captures/board-b-header__1440-light-b2-code.png	A	100644	c8454b57fbc83bb78b5fc8548a91a67eb5085b1c	100644	c8454b57fbc83bb78b5fc8548a91a67eb5085b1c	retained_exact
engineering/design/material-specimen-2026-09-10/captures/board-b-header__1440-light-b4-status.png	A	100644	ed82967b6d3cb5b324ff673627e38de3616e379e	100644	ed82967b6d3cb5b324ff673627e38de3616e379e	retained_exact
engineering/design/material-specimen-2026-09-10/captures/board-b-header__1440-light-forced-colors-sim.png	A	100644	05c74578baff4e44b08652e4f1d9484bb947e9cb	100644	05c74578baff4e44b08652e4f1d9484bb947e9cb	retained_exact
engineering/design/material-specimen-2026-09-10/captures/board-b-header__1440-light-nosupport.png	A	100644	78730580d4da6064dd5c9cdcb9075b1906210511	100644	78730580d4da6064dd5c9cdcb9075b1906210511	retained_exact
engineering/design/material-specimen-2026-09-10/captures/board-b-header__1440-light-reduce-transparency.png	A	100644	78730580d4da6064dd5c9cdcb9075b1906210511	100644	78730580d4da6064dd5c9cdcb9075b1906210511	retained_exact
engineering/design/material-specimen-2026-09-10/captures/board-b-header__1440-light.png	A	100644	a6edb7e12162dba278d78bd63c6c642bd5df9c8f	100644	a6edb7e12162dba278d78bd63c6c642bd5df9c8f	retained_exact
engineering/design/material-specimen-2026-09-10/captures/board-b-header__390-dark.png	A	100644	f85efbc6d693eb18828af1c9667ef18c6663201b	100644	f85efbc6d693eb18828af1c9667ef18c6663201b	retained_exact
engineering/design/material-specimen-2026-09-10/captures/board-b-header__390-light.png	A	100644	2843f05d7ab74d267a7dec361f9c111a5ec50366	100644	2843f05d7ab74d267a7dec361f9c111a5ec50366	retained_exact
engineering/design/material-specimen-2026-09-10/captures/board-c-transient__1440-dark-b4-status.png	A	100644	15d93b3229517e14227b4a4f527162a5a9f6be47	100644	15d93b3229517e14227b4a4f527162a5a9f6be47	retained_exact
engineering/design/material-specimen-2026-09-10/captures/board-c-transient__1440-dark-reduce-transparency.png	A	100644	3a8f64da899ad5d67da8c6809dd2a49a0bcb8e3c	100644	3a8f64da899ad5d67da8c6809dd2a49a0bcb8e3c	retained_exact
engineering/design/material-specimen-2026-09-10/captures/board-c-transient__1440-dark.png	A	100644	b9dc3c66bab6f6a97de5f8c4c275362c839b3d0a	100644	b9dc3c66bab6f6a97de5f8c4c275362c839b3d0a	retained_exact
engineering/design/material-specimen-2026-09-10/captures/board-c-transient__1440-light-b2-code.png	A	100644	27b6a1ac18522417b3981595556794fa15a29764	100644	27b6a1ac18522417b3981595556794fa15a29764	retained_exact
engineering/design/material-specimen-2026-09-10/captures/board-c-transient__1440-light-b4-status.png	A	100644	f6f5a27d31b4966f25133a5cffffda1a7b9a7132	100644	f6f5a27d31b4966f25133a5cffffda1a7b9a7132	retained_exact
engineering/design/material-specimen-2026-09-10/captures/board-c-transient__1440-light-forced-colors-sim.png	A	100644	7a1d84b06d0c5511ce1335d7e2cce6770cbf6139	100644	7a1d84b06d0c5511ce1335d7e2cce6770cbf6139	retained_exact
engineering/design/material-specimen-2026-09-10/captures/board-c-transient__1440-light-reduce-transparency.png	A	100644	ad0c3c3d5f40cc95faf7f5ac4c258c8be5ebfabd	100644	ad0c3c3d5f40cc95faf7f5ac4c258c8be5ebfabd	retained_exact
engineering/design/material-specimen-2026-09-10/captures/board-c-transient__1440-light-zoom200.png	A	100644	a0f89884ce8900f3c75848b39c68de55b26c46cb	100644	a0f89884ce8900f3c75848b39c68de55b26c46cb	retained_exact
engineering/design/material-specimen-2026-09-10/captures/board-c-transient__1440-light.png	A	100644	da201b793ff9decdf55c308659bb5c6a661b8001	100644	da201b793ff9decdf55c308659bb5c6a661b8001	retained_exact
engineering/design/material-specimen-2026-09-10/captures/board-c-transient__390-dark.png	A	100644	9a1e451cc05e104fd4a4452c92bf2af32e5730f2	100644	9a1e451cc05e104fd4a4452c92bf2af32e5730f2	retained_exact
engineering/design/material-specimen-2026-09-10/captures/board-c-transient__390-light.png	A	100644	66417f00eef64e4c3e57c94435dd26abb83cc4ba	100644	66417f00eef64e4c3e57c94435dd26abb83cc4ba	retained_exact
engineering/design/material-specimen-2026-09-10/captures/board-d-review__1440-dark.png	A	100644	7ecd0fc525af5df4cc246901c57efb6ca2c4cfbb	100644	7ecd0fc525af5df4cc246901c57efb6ca2c4cfbb	retained_exact
engineering/design/material-specimen-2026-09-10/captures/board-d-review__1440-light-zoom200.png	A	100644	64781512da0944c356724e178d3075a87170af65	100644	64781512da0944c356724e178d3075a87170af65	retained_exact
engineering/design/material-specimen-2026-09-10/captures/board-d-review__1440-light.png	A	100644	60fa6f2e436ccc9294004e274f42a378119a0d94	100644	60fa6f2e436ccc9294004e274f42a378119a0d94	retained_exact
engineering/design/material-specimen-2026-09-10/captures/board-d-review__390-dark.png	A	100644	01f1e5efef1a9963c4c19695653856a0c6ef15cc	100644	01f1e5efef1a9963c4c19695653856a0c6ef15cc	retained_exact
engineering/design/material-specimen-2026-09-10/captures/board-d-review__390-light.png	A	100644	2edf15e4131036701b4eab3da16566188ccde362	100644	2edf15e4131036701b4eab3da16566188ccde362	retained_exact
engineering/design/material-specimen-2026-09-10/captures/board-e-negative__1440-dark.png	A	100644	020ab31cb574da23f3b444eeb6e9ccd0a3c2f6d5	100644	020ab31cb574da23f3b444eeb6e9ccd0a3c2f6d5	retained_exact
engineering/design/material-specimen-2026-09-10/captures/board-e-negative__1440-light.png	A	100644	9b65ac679a86e387c4241e1e5061afd1ff2d1c4b	100644	9b65ac679a86e387c4241e1e5061afd1ff2d1c4b	retained_exact
engineering/design/material-specimen-2026-09-10/captures/board-e-negative__390-dark.png	A	100644	00b4395cad915e6ba23aad94389ddc5e90f9f2f7	100644	00b4395cad915e6ba23aad94389ddc5e90f9f2f7	retained_exact
engineering/design/material-specimen-2026-09-10/captures/board-e-negative__390-light.png	A	100644	f62c3e054224542134d28b55cad0eb80647262f3	100644	f62c3e054224542134d28b55cad0eb80647262f3	retained_exact
engineering/design/material-specimen-2026-09-10/captures/board-f-focus__1440-dark.png	A	100644	dbe4b27147d7903184c32ff4ae121b9a4b1343a3	100644	dbe4b27147d7903184c32ff4ae121b9a4b1343a3	retained_exact
engineering/design/material-specimen-2026-09-10/captures/board-f-focus__1440-light.png	A	100644	cea6f8be1aa3b04019b50775d8ebf897e8fdc292	100644	cea6f8be1aa3b04019b50775d8ebf897e8fdc292	retained_exact
engineering/design/material-specimen-2026-09-10/captures/board-f-focus__390-dark.png	A	100644	b2aadefc07b672548b172854467a659a63c01a47	100644	b2aadefc07b672548b172854467a659a63c01a47	retained_exact
engineering/design/material-specimen-2026-09-10/captures/board-f-focus__390-light.png	A	100644	f64b21d1543d4fe165a64c4847e5c222fb7d577b	100644	f64b21d1543d4fe165a64c4847e5c222fb7d577b	retained_exact
engineering/design/material-specimen-2026-09-10/index.html	A	100644	b91ad06ca2f143fe6de0275f7be243b339b7d2d4	100644	b91ad06ca2f143fe6de0275f7be243b339b7d2d4	retained_exact
engineering/design/material-specimen-2026-09-10/measurements.json	A	100644	d1df1627c2ace37af68ed8c9670d9ac0e14c91b1	100644	d1df1627c2ace37af68ed8c9670d9ac0e14c91b1	retained_exact
engineering/design/material-specimen-2026-09-10/observations.md	A	100644	45f28b184d1b5deb08ed06453174f4cfbe05b0aa	100644	45f28b184d1b5deb08ed06453174f4cfbe05b0aa	retained_exact
engineering/design/material-specimen-2026-09-10/specimen.css	A	100644	592aaf81b42c2dca102d7f66934438de690259a4	100644	592aaf81b42c2dca102d7f66934438de690259a4	retained_exact
engineering/design/material-specimen-2026-09-10/specimen.mjs	A	100644	d28d723de9e82fcb0747bfaf840fb259830f2a1e	100644	d28d723de9e82fcb0747bfaf840fb259830f2a1e	retained_exact
engineering/mvp/execution/work-surface-kit/explore/ex-fe05-material-specimen.md	A	100644	db1eed46ddb5ee17ae9629740a0a7f42a87b296a	100644	db1eed46ddb5ee17ae9629740a0a7f42a87b296a	retained_exact
